PROVIDER;DESCRIPTION;ACCOUNTID;REGION;ASSESSMENTDATE;REQUIREMENTS_ID;REQUIREMENTS_NAME;REQUIREMENTS_DESCRIPTION;REQUIREMENTS_ATTRIBUTES_CATEGORY;REQUIREMENTS_ATTRIBUTES_OBJETIVE_ID;REQUIREMENTS_ATTRIBUTES_OBJETIVE_NAME;REQUIREMENTS_ATTRIBUTES_CHECK_SUMMARY;STATUS;STATUSEXTENDED;RESOURCEID;CHECKID;MUTED;RESOURCENAME;FRAMEWORK;NAME
aws;ISO (the International Organization for Standardization) and IEC (the International Electrotechnical Commission) form the specialized system for worldwide standardization. National bodies that are members of ISO or IEC participate in the development of International Standards through technical committees established by the respective organization to deal with particular fields of technical activity. ISO and IEC technical committees collaborate in fields of mutual interest. Other international organizations, governmental and non-governmental, in liaison with ISO and IEC, also take part in the work.;987292390922;af-south-1;2026-09-13 17:05:55.304157;A.12.4.T;Logging and Monitoring;Ensure CloudTrail is enabled in all regions;A.12 Operations Security;A.12.4.T;Logging and Monitoring;Ensure CloudTrail is enabled in all regions;FAIL;No CloudTrail trails enabled with logging were found.;arn:aws:cloudtrail:af-south-1:987292390922:trail;cloudtrail_multi_region_enabled;False;987292390922;ISO27001;ISO/IEC 27001 Information Security Management Standard 2013
aws;ISO (the International Organization for Standardization) and IEC (the International Electrotechnical Commission) form the specialized system for worldwide standardization. National bodies that are members of ISO or IEC participate in the development of International Standards through technical committees established by the respective organization to deal with particular fields of technical activity. ISO and IEC technical committees collaborate in fields of mutual interest. Other international organizations, governmental and non-governmental, in liaison with ISO and IEC, also take part in the work.;987292390922;ap-northeast-1;2026-09-13 17:05:55.304157;A.12.4.T;Logging and Monitoring;Ensure CloudTrail is enabled in all regions;A.12 Operations Security;A.12.4.T;Logging and Monitoring;Ensure CloudTrail is enabled in all regions;FAIL;No CloudTrail trails enabled with logging were found.;arn:aws:cloudtrail:ap-northeast-1:987292390922:trail;cloudtrail_multi_region_enabled;False;987292390922;ISO27001;ISO/IEC 27001 Information Security Management Standard 2013
aws;ISO (the International Organization for Standardization) and IEC (the International Electrotechnical Commission) form the specialized system for worldwide standardization. National bodies that are members of ISO or IEC participate in the development of International Standards through technical committees established by the respective organization to deal with particular fields of technical activity. ISO and IEC technical committees collaborate in fields of mutual interest. Other international organizations, governmental and non-governmental, in liaison with ISO and IEC, also take part in the work.;987292390922;ap-northeast-2;2026-09-13 17:05:55.304157;A.12.4.T;Logging and Monitoring;Ensure CloudTrail is enabled in all regions;A.12 Operations Security;A.12.4.T;Logging and Monitoring;Ensure CloudTrail is enabled in all regions;FAIL;No CloudTrail trails enabled with logging were found.;arn:aws:cloudtrail:ap-northeast-2:987292390922:trail;cloudtrail_multi_region_enabled;False;987292390922;ISO27001;ISO/IEC 27001 Information Security Management Standard 2013
aws;ISO (the International Organization for Standardization) and IEC (the International Electrotechnical Commission) form the specialized system for worldwide standardization. National bodies that are members of ISO or IEC participate in the development of International Standards through technical committees established by the respective organization to deal with particular fields of technical activity. ISO and IEC technical committees collaborate in fields of mutual interest. Other international organizations, governmental and non-governmental, in liaison with ISO and IEC, also take part in the work.;987292390922;ap-northeast-3;2026-09-13 17:05:55.304157;A.12.4.T;Logging and Monitoring;Ensure CloudTrail is enabled in all regions;A.12 Operations Security;A.12.4.T;Logging and Monitoring;Ensure CloudTrail is enabled in all regions;FAIL;No CloudTrail trails enabled with logging were found.;arn:aws:cloudtrail:ap-northeast-3:987292390922:trail;cloudtrail_multi_region_enabled;False;987292390922;ISO27001;ISO/IEC 27001 Information Security Management Standard 2013
aws;ISO (the International Organization for Standardization) and IEC (the International Electrotechnical Commission) form the specialized system for worldwide standardization. National bodies that are members of ISO or IEC participate in the development of International Standards through technical committees established by the respective organization to deal with particular fields of technical activity. ISO and IEC technical committees collaborate in fields of mutual interest. Other international organizations, governmental and non-governmental, in liaison with ISO and IEC, also take part in the work.;987292390922;ap-south-1;2026-09-13 17:05:55.304157;A.12.4.T;Logging and Monitoring;Ensure CloudTrail is enabled in all regions;A.12 Operations Security;A.12.4.T;Logging and Monitoring;Ensure CloudTrail is enabled in all regions;FAIL;No CloudTrail trails enabled with logging were found.;arn:aws:cloudtrail:ap-south-1:987292390922:trail;cloudtrail_multi_region_enabled;False;987292390922;ISO27001;ISO/IEC 27001 Information Security Management Standard 2013
aws;ISO (the International Organization for Standardization) and IEC (the International Electrotechnical Commission) form the specialized system for worldwide standardization. National bodies that are members of ISO or IEC participate in the development of International Standards through technical committees established by the respective organization to deal with particular fields of technical activity. ISO and IEC technical committees collaborate in fields of mutual interest. Other international organizations, governmental and non-governmental, in liaison with ISO and IEC, also take part in the work.;987292390922;ap-southeast-1;2026-09-13 17:05:55.304157;A.12.4.T;Logging and Monitoring;Ensure CloudTrail is enabled in all regions;A.12 Operations Security;A.12.4.T;Logging and Monitoring;Ensure CloudTrail is enabled in all regions;FAIL;No CloudTrail trails enabled with logging were found.;arn:aws:cloudtrail:ap-southeast-1:987292390922:trail;cloudtrail_multi_region_enabled;False;987292390922;ISO27001;ISO/IEC 27001 Information Security Management Standard 2013
aws;ISO (the International Organization for Standardization) and IEC (the International Electrotechnical Commission) form the specialized system for worldwide standardization. National bodies that are members of ISO or IEC participate in the development of International Standards through technical committees established by the respective organization to deal with particular fields of technical activity. ISO and IEC technical committees collaborate in fields of mutual interest. Other international organizations, governmental and non-governmental, in liaison with ISO and IEC, also take part in the work.;987292390922;ap-southeast-2;2026-09-13 17:05:55.304157;A.12.4.T;Logging and Monitoring;Ensure CloudTrail is enabled in all regions;A.12 Operations Security;A.12.4.T;Logging and Monitoring;Ensure CloudTrail is enabled in all regions;FAIL;No CloudTrail trails enabled with logging were found.;arn:aws:cloudtrail:ap-southeast-2:987292390922:trail;cloudtrail_multi_region_enabled;False;987292390922;ISO27001;ISO/IEC 27001 Information Security Management Standard 2013
aws;ISO (the International Organization for Standardization) and IEC (the International Electrotechnical Commission) form the specialized system for worldwide standardization. National bodies that are members of ISO or IEC participate in the development of International Standards through technical committees established by the respective organization to deal with particular fields of technical activity. ISO and IEC technical committees collaborate in fields of mutual interest. Other international organizations, governmental and non-governmental, in liaison with ISO and IEC, also take part in the work.;987292390922;ca-central-1;2026-09-13 17:05:55.304157;A.12.4.T;Logging and Monitoring;Ensure CloudTrail is enabled in all regions;A.12 Operations Security;A.12.4.T;Logging and Monitoring;Ensure CloudTrail is enabled in all regions;FAIL;No CloudTrail trails enabled with logging were found.;arn:aws:cloudtrail:ca-central-1:987292390922:trail;cloudtrail_multi_region_enabled;False;987292390922;ISO27001;ISO/IEC 27001 Information Security Management Standard 2013
aws;ISO (the International Organization for Standardization) and IEC (the International Electrotechnical Commission) form the specialized system for worldwide standardization. National bodies that are members of ISO or IEC participate in the development of International Standards through technical committees established by the respective organization to deal with particular fields of technical activity. ISO and IEC technical committees collaborate in fields of mutual interest. Other international organizations, governmental and non-governmental, in liaison with ISO and IEC, also take part in the work.;987292390922;eu-central-1;2026-09-13 17:05:55.304157;A.12.4.T;Logging and Monitoring;Ensure CloudTrail is enabled in all regions;A.12 Operations Security;A.12.4.T;Logging and Monitoring;Ensure CloudTrail is enabled in all regions;FAIL;No CloudTrail trails enabled with logging were found.;arn:aws:cloudtrail:eu-central-1:987292390922:trail;cloudtrail_multi_region_enabled;False;987292390922;ISO27001;ISO/IEC 27001 Information Security Management Standard 2013
aws;ISO (the International Organization for Standardization) and IEC (the International Electrotechnical Commission) form the specialized system for worldwide standardization. National bodies that are members of ISO or IEC participate in the development of International Standards through technical committees established by the respective organization to deal with particular fields of technical activity. ISO and IEC technical committees collaborate in fields of mutual interest. Other international organizations, governmental and non-governmental, in liaison with ISO and IEC, also take part in the work.;987292390922;eu-north-1;2026-09-13 17:05:55.304157;A.12.4.T;Logging and Monitoring;Ensure CloudTrail is enabled in all regions;A.12 Operations Security;A.12.4.T;Logging and Monitoring;Ensure CloudTrail is enabled in all regions;FAIL;No CloudTrail trails enabled with logging were found.;arn:aws:cloudtrail:eu-north-1:987292390922:trail;cloudtrail_multi_region_enabled;False;987292390922;ISO27001;ISO/IEC 27001 Information Security Management Standard 2013
aws;ISO (the International Organization for Standardization) and IEC (the International Electrotechnical Commission) form the specialized system for worldwide standardization. National bodies that are members of ISO or IEC participate in the development of International Standards through technical committees established by the respective organization to deal with particular fields of technical activity. ISO and IEC technical committees collaborate in fields of mutual interest. Other international organizations, governmental and non-governmental, in liaison with ISO and IEC, also take part in the work.;987292390922;eu-west-1;2026-09-13 17:05:55.304157;A.12.4.T;Logging and Monitoring;Ensure CloudTrail is enabled in all regions;A.12 Operations Security;A.12.4.T;Logging and Monitoring;Ensure CloudTrail is enabled in all regions;FAIL;No CloudTrail trails enabled with logging were found.;arn:aws:cloudtrail:eu-west-1:987292390922:trail;cloudtrail_multi_region_enabled;False;987292390922;ISO27001;ISO/IEC 27001 Information Security Management Standard 2013
aws;ISO (the International Organization for Standardization) and IEC (the International Electrotechnical Commission) form the specialized system for worldwide standardization. National bodies that are members of ISO or IEC participate in the development of International Standards through technical committees established by the respective organization to deal with particular fields of technical activity. ISO and IEC technical committees collaborate in fields of mutual interest. Other international organizations, governmental and non-governmental, in liaison with ISO and IEC, also take part in the work.;987292390922;eu-west-2;2026-09-13 17:05:55.304157;A.12.4.T;Logging and Monitoring;Ensure CloudTrail is enabled in all regions;A.12 Operations Security;A.12.4.T;Logging and Monitoring;Ensure CloudTrail is enabled in all regions;FAIL;No CloudTrail trails enabled with logging were found.;arn:aws:cloudtrail:eu-west-2:987292390922:trail;cloudtrail_multi_region_enabled;False;987292390922;ISO27001;ISO/IEC 27001 Information Security Management Standard 2013
aws;ISO (the International Organization for Standardization) and IEC (the International Electrotechnical Commission) form the specialized system for worldwide standardization. National bodies that are members of ISO or IEC participate in the development of International Standards through technical committees established by the respective organization to deal with particular fields of technical activity. ISO and IEC technical committees collaborate in fields of mutual interest. Other international organizations, governmental and non-governmental, in liaison with ISO and IEC, also take part in the work.;987292390922;eu-west-3;2026-09-13 17:05:55.304157;A.12.4.T;Logging and Monitoring;Ensure CloudTrail is enabled in all regions;A.12 Operations Security;A.12.4.T;Logging and Monitoring;Ensure CloudTrail is enabled in all regions;FAIL;No CloudTrail trails enabled with logging were found.;arn:aws:cloudtrail:eu-west-3:987292390922:trail;cloudtrail_multi_region_enabled;False;987292390922;ISO27001;ISO/IEC 27001 Information Security Management Standard 2013
aws;ISO (the International Organization for Standardization) and IEC (the International Electrotechnical Commission) form the specialized system for worldwide standardization. National bodies that are members of ISO or IEC participate in the development of International Standards through technical committees established by the respective organization to deal with particular fields of technical activity. ISO and IEC technical committees collaborate in fields of mutual interest. Other international organizations, governmental and non-governmental, in liaison with ISO and IEC, also take part in the work.;987292390922;sa-east-1;2026-09-13 17:05:55.304157;A.12.4.T;Logging and Monitoring;Ensure CloudTrail is enabled in all regions;A.12 Operations Security;A.12.4.T;Logging and Monitoring;Ensure CloudTrail is enabled in all regions;FAIL;No CloudTrail trails enabled with logging were found.;arn:aws:cloudtrail:sa-east-1:987292390922:trail;cloudtrail_multi_region_enabled;False;987292390922;ISO27001;ISO/IEC 27001 Information Security Management Standard 2013
aws;ISO (the International Organization for Standardization) and IEC (the International Electrotechnical Commission) form the specialized system for worldwide standardization. National bodies that are members of ISO or IEC participate in the development of International Standards through technical committees established by the respective organization to deal with particular fields of technical activity. ISO and IEC technical committees collaborate in fields of mutual interest. Other international organizations, governmental and non-governmental, in liaison with ISO and IEC, also take part in the work.;987292390922;us-east-1;2026-09-13 17:05:55.304157;A.12.4.T;Logging and Monitoring;Ensure CloudTrail is enabled in all regions;A.12 Operations Security;A.12.4.T;Logging and Monitoring;Ensure CloudTrail is enabled in all regions;FAIL;No CloudTrail trails enabled with logging were found.;arn:aws:cloudtrail:us-east-1:987292390922:trail;cloudtrail_multi_region_enabled;False;987292390922;ISO27001;ISO/IEC 27001 Information Security Management Standard 2013
aws;ISO (the International Organization for Standardization) and IEC (the International Electrotechnical Commission) form the specialized system for worldwide standardization. National bodies that are members of ISO or IEC participate in the development of International Standards through technical committees established by the respective organization to deal with particular fields of technical activity. ISO and IEC technical committees collaborate in fields of mutual interest. Other international organizations, governmental and non-governmental, in liaison with ISO and IEC, also take part in the work.;987292390922;us-east-2;2026-09-13 17:05:55.304157;A.12.4.T;Logging and Monitoring;Ensure CloudTrail is enabled in all regions;A.12 Operations Security;A.12.4.T;Logging and Monitoring;Ensure CloudTrail is enabled in all regions;FAIL;No CloudTrail trails enabled with logging were found.;arn:aws:cloudtrail:us-east-2:987292390922:trail;cloudtrail_multi_region_enabled;False;987292390922;ISO27001;ISO/IEC 27001 Information Security Management Standard 2013
aws;ISO (the International Organization for Standardization) and IEC (the International Electrotechnical Commission) form the specialized system for worldwide standardization. National bodies that are members of ISO or IEC participate in the development of International Standards through technical committees established by the respective organization to deal with particular fields of technical activity. ISO and IEC technical committees collaborate in fields of mutual interest. Other international organizations, governmental and non-governmental, in liaison with ISO and IEC, also take part in the work.;987292390922;us-west-1;2026-09-13 17:05:55.304157;A.12.4.T;Logging and Monitoring;Ensure CloudTrail is enabled in all regions;A.12 Operations Security;A.12.4.T;Logging and Monitoring;Ensure CloudTrail is enabled in all regions;FAIL;No CloudTrail trails enabled with logging were found.;arn:aws:cloudtrail:us-west-1:987292390922:trail;cloudtrail_multi_region_enabled;False;987292390922;ISO27001;ISO/IEC 27001 Information Security Management Standard 2013
aws;ISO (the International Organization for Standardization) and IEC (the International Electrotechnical Commission) form the specialized system for worldwide standardization. National bodies that are members of ISO or IEC participate in the development of International Standards through technical committees established by the respective organization to deal with particular fields of technical activity. ISO and IEC technical committees collaborate in fields of mutual interest. Other international organizations, governmental and non-governmental, in liaison with ISO and IEC, also take part in the work.;987292390922;us-west-2;2026-09-13 17:05:55.304157;A.12.4.T;Logging and Monitoring;Ensure CloudTrail is enabled in all regions;A.12 Operations Security;A.12.4.T;Logging and Monitoring;Ensure CloudTrail is enabled in all regions;FAIL;No CloudTrail trails enabled with logging were found.;arn:aws:cloudtrail:us-west-2:987292390922:trail;cloudtrail_multi_region_enabled;False;987292390922;ISO27001;ISO/IEC 27001 Information Security Management Standard 2013
aws;ISO (the International Organization for Standardization) and IEC (the International Electrotechnical Commission) form the specialized system for worldwide standardization. National bodies that are members of ISO or IEC participate in the development of International Standards through technical committees established by the respective organization to deal with particular fields of technical activity. ISO and IEC technical committees collaborate in fields of mutual interest. Other international organizations, governmental and non-governmental, in liaison with ISO and IEC, also take part in the work.;987292390922;us-east-1;2026-09-13 17:05:55.304157;A.12.4.D;Logging and Monitoring;Ensure a log metric filter and alarm exist for changes to Network Access Control Lists (NACL);A.12 Operations Security;A.12.4.D;Logging and Monitoring;Ensure a log metric filter and alarm exist for changes to Network Access Control Lists (NACL);MANUAL;Cannot evaluate CloudWatch metric filters and alarms: CloudTrail trails, log groups, metric filters or alarms could not be listed in at least one region. Verify that the scanning credentials are allowed to call cloudtrail:DescribeTrails, logs:DescribeLogGroups, logs:DescribeMetricFilters and cloudwatch:DescribeAlarms.;arn:aws:logs:us-east-1:987292390922:log-group;cloudwatch_changes_to_network_acls_alarm_configured;False;987292390922;ISO27001;ISO/IEC 27001 Information Security Management Standard 2013
aws;ISO (the International Organization for Standardization) and IEC (the International Electrotechnical Commission) form the specialized system for worldwide standardization. National bodies that are members of ISO or IEC participate in the development of International Standards through technical committees established by the respective organization to deal with particular fields of technical activity. ISO and IEC technical committees collaborate in fields of mutual interest. Other international organizations, governmental and non-governmental, in liaison with ISO and IEC, also take part in the work.;987292390922;us-east-1;2026-09-13 17:05:55.304157;A.12.4.C;Logging and Monitoring;Ensure a log metric filter and alarm exist for changes to network gateways;A.12 Operations Security;A.12.4.C;Logging and Monitoring;Ensure a log metric filter and alarm exist for changes to network gateways;MANUAL;Cannot evaluate CloudWatch metric filters and alarms: CloudTrail trails, log groups, metric filters or alarms could not be listed in at least one region. Verify that the scanning credentials are allowed to call cloudtrail:DescribeTrails, logs:DescribeLogGroups, logs:DescribeMetricFilters and cloudwatch:DescribeAlarms.;arn:aws:logs:us-east-1:987292390922:log-group;cloudwatch_changes_to_network_gateways_alarm_configured;False;987292390922;ISO27001;ISO/IEC 27001 Information Security Management Standard 2013
aws;ISO (the International Organization for Standardization) and IEC (the International Electrotechnical Commission) form the specialized system for worldwide standardization. National bodies that are members of ISO or IEC participate in the development of International Standards through technical committees established by the respective organization to deal with particular fields of technical activity. ISO and IEC technical committees collaborate in fields of mutual interest. Other international organizations, governmental and non-governmental, in liaison with ISO and IEC, also take part in the work.;987292390922;us-east-1;2026-09-13 17:05:55.304157;A.12.4.B;Logging and Monitoring;Ensure a log metric filter and alarm exist for route table changes;A.12 Operations Security;A.12.4.B;Logging and Monitoring;Ensure a log metric filter and alarm exist for route table changes;MANUAL;Cannot evaluate CloudWatch metric filters and alarms: CloudTrail trails, log groups, metric filters or alarms could not be listed in at least one region. Verify that the scanning credentials are allowed to call cloudtrail:DescribeTrails, logs:DescribeLogGroups, logs:DescribeMetricFilters and cloudwatch:DescribeAlarms.;arn:aws:logs:us-east-1:987292390922:log-group;cloudwatch_changes_to_network_route_tables_alarm_configured;False;987292390922;ISO27001;ISO/IEC 27001 Information Security Management Standard 2013
aws;ISO (the International Organization for Standardization) and IEC (the International Electrotechnical Commission) form the specialized system for worldwide standardization. National bodies that are members of ISO or IEC participate in the development of International Standards through technical committees established by the respective organization to deal with particular fields of technical activity. ISO and IEC technical committees collaborate in fields of mutual interest. Other international organizations, governmental and non-governmental, in liaison with ISO and IEC, also take part in the work.;987292390922;us-east-1;2026-09-13 17:05:55.304157;A.12.4.A;Logging and Monitoring;Ensure a log metric filter and alarm exist for VPC changes;A.12 Operations Security;A.12.4.A;Logging and Monitoring;Ensure a log metric filter and alarm exist for VPC changes;MANUAL;Cannot evaluate CloudWatch metric filters and alarms: CloudTrail trails, log groups, metric filters or alarms could not be listed in at least one region. Verify that the scanning credentials are allowed to call cloudtrail:DescribeTrails, logs:DescribeLogGroups, logs:DescribeMetricFilters and cloudwatch:DescribeAlarms.;arn:aws:logs:us-east-1:987292390922:log-group;cloudwatch_changes_to_vpcs_alarm_configured;False;987292390922;ISO27001;ISO/IEC 27001 Information Security Management Standard 2013
aws;ISO (the International Organization for Standardization) and IEC (the International Electrotechnical Commission) form the specialized system for worldwide standardization. National bodies that are members of ISO or IEC participate in the development of International Standards through technical committees established by the respective organization to deal with particular fields of technical activity. ISO and IEC technical committees collaborate in fields of mutual interest. Other international organizations, governmental and non-governmental, in liaison with ISO and IEC, also take part in the work.;987292390922;us-east-1;2026-09-13 17:05:55.304157;A.12.4.F;Logging and Monitoring;Ensure a log metric filter and alarm exist for AWS Config configuration changes;A.12 Operations Security;A.12.4.F;Logging and Monitoring;Ensure a log metric filter and alarm exist for AWS Config configuration changes;MANUAL;Cannot evaluate CloudWatch metric filters and alarms: CloudTrail trails, log groups, metric filters or alarms could not be listed in at least one region. Verify that the scanning credentials are allowed to call cloudtrail:DescribeTrails, logs:DescribeLogGroups, logs:DescribeMetricFilters and cloudwatch:DescribeAlarms.;arn:aws:logs:us-east-1:987292390922:log-group;cloudwatch_log_metric_filter_and_alarm_for_aws_config_configuration_changes_enabled;False;987292390922;ISO27001;ISO/IEC 27001 Information Security Management Standard 2013
aws;ISO (the International Organization for Standardization) and IEC (the International Electrotechnical Commission) form the specialized system for worldwide standardization. National bodies that are members of ISO or IEC participate in the development of International Standards through technical committees established by the respective organization to deal with particular fields of technical activity. ISO and IEC technical committees collaborate in fields of mutual interest. Other international organizations, governmental and non-governmental, in liaison with ISO and IEC, also take part in the work.;987292390922;us-east-1;2026-09-13 17:05:55.304157;A.12.4.J;Logging and Monitoring;Ensure a log metric filter and alarm exist for CloudTrail configuration changes;A.12 Operations Security;A.12.4.J;Logging and Monitoring;Ensure a log metric filter and alarm exist for CloudTrail configuration changes;MANUAL;Cannot evaluate CloudWatch metric filters and alarms: CloudTrail trails, log groups, metric filters or alarms could not be listed in at least one region. Verify that the scanning credentials are allowed to call cloudtrail:DescribeTrails, logs:DescribeLogGroups, logs:DescribeMetricFilters and cloudwatch:DescribeAlarms.;arn:aws:logs:us-east-1:987292390922:log-group;cloudwatch_log_metric_filter_and_alarm_for_cloudtrail_configuration_changes_enabled;False;987292390922;ISO27001;ISO/IEC 27001 Information Security Management Standard 2013
aws;ISO (the International Organization for Standardization) and IEC (the International Electrotechnical Commission) form the specialized system for worldwide standardization. National bodies that are members of ISO or IEC participate in the development of International Standards through technical committees established by the respective organization to deal with particular fields of technical activity. ISO and IEC technical committees collaborate in fields of mutual interest. Other international organizations, governmental and non-governmental, in liaison with ISO and IEC, also take part in the work.;987292390922;us-east-1;2026-09-13 17:05:55.304157;A.12.4.I;Logging and Monitoring;Ensure a log metric filter and alarm exist for AWS Management Console authentication failures;A.12 Operations Security;A.12.4.I;Logging and Monitoring;Ensure a log metric filter and alarm exist for AWS Management Console authentication failures;MANUAL;Cannot evaluate CloudWatch metric filters and alarms: CloudTrail trails, log groups, metric filters or alarms could not be listed in at least one region. Verify that the scanning credentials are allowed to call cloudtrail:DescribeTrails, logs:DescribeLogGroups, logs:DescribeMetricFilters and cloudwatch:DescribeAlarms.;arn:aws:logs:us-east-1:987292390922:log-group;cloudwatch_log_metric_filter_authentication_failures;False;987292390922;ISO27001;ISO/IEC 27001 Information Security Management Standard 2013
aws;ISO (the International Organization for Standardization) and IEC (the International Electrotechnical Commission) form the specialized system for worldwide standardization. National bodies that are members of ISO or IEC participate in the development of International Standards through technical committees established by the respective organization to deal with particular fields of technical activity. ISO and IEC technical committees collaborate in fields of mutual interest. Other international organizations, governmental and non-governmental, in liaison with ISO and IEC, also take part in the work.;987292390922;us-east-1;2026-09-13 17:05:55.304157;A.10.1.C;Cryptographic Controls;Detect Customer Master Keys (CMKs) scheduled for deletion;A.10 Cryptography;A.10.1.C;Cryptographic Controls;Detect Customer Master Keys (CMKs) scheduled for deletion;MANUAL;Cannot evaluate CloudWatch metric filters and alarms: CloudTrail trails, log groups, metric filters or alarms could not be listed in at least one region. Verify that the scanning credentials are allowed to call cloudtrail:DescribeTrails, logs:DescribeLogGroups, logs:DescribeMetricFilters and cloudwatch:DescribeAlarms.;arn:aws:logs:us-east-1:987292390922:log-group;cloudwatch_log_metric_filter_disable_or_scheduled_deletion_of_kms_cmk;False;987292390922;ISO27001;ISO/IEC 27001 Information Security Management Standard 2013
aws;ISO (the International Organization for Standardization) and IEC (the International Electrotechnical Commission) form the specialized system for worldwide standardization. National bodies that are members of ISO or IEC participate in the development of International Standards through technical committees established by the respective organization to deal with particular fields of technical activity. ISO and IEC technical committees collaborate in fields of mutual interest. Other international organizations, governmental and non-governmental, in liaison with ISO and IEC, also take part in the work.;987292390922;us-east-1;2026-09-13 17:05:55.304157;A.12.4.H;Logging and Monitoring;Ensure a log metric filter and alarm exist for disabling or scheduled deletion of customer created CMKs;A.12 Operations Security;A.12.4.H;Logging and Monitoring;Ensure a log metric filter and alarm exist for disabling or scheduled deletion of customer created CMKs;MANUAL;Cannot evaluate CloudWatch metric filters and alarms: CloudTrail trails, log groups, metric filters or alarms could not be listed in at least one region. Verify that the scanning credentials are allowed to call cloudtrail:DescribeTrails, logs:DescribeLogGroups, logs:DescribeMetricFilters and cloudwatch:DescribeAlarms.;arn:aws:logs:us-east-1:987292390922:log-group;cloudwatch_log_metric_filter_disable_or_scheduled_deletion_of_kms_cmk;False;987292390922;ISO27001;ISO/IEC 27001 Information Security Management Standard 2013
aws;ISO (the International Organization for Standardization) and IEC (the International Electrotechnical Commission) form the specialized system for worldwide standardization. National bodies that are members of ISO or IEC participate in the development of International Standards through technical committees established by the respective organization to deal with particular fields of technical activity. ISO and IEC technical committees collaborate in fields of mutual interest. Other international organizations, governmental and non-governmental, in liaison with ISO and IEC, also take part in the work.;987292390922;us-east-1;2026-09-13 17:05:55.304157;A.12.4.G;Logging and Monitoring;Ensure a log metric filter and alarm exist for S3 bucket policy changes;A.12 Operations Security;A.12.4.G;Logging and Monitoring;Ensure a log metric filter and alarm exist for S3 bucket policy changes;MANUAL;Cannot evaluate CloudWatch metric filters and alarms: CloudTrail trails, log groups, metric filters or alarms could not be listed in at least one region. Verify that the scanning credentials are allowed to call cloudtrail:DescribeTrails, logs:DescribeLogGroups, logs:DescribeMetricFilters and cloudwatch:DescribeAlarms.;arn:aws:logs:us-east-1:987292390922:log-group;cloudwatch_log_metric_filter_for_s3_bucket_policy_changes;False;987292390922;ISO27001;ISO/IEC 27001 Information Security Management Standard 2013
aws;ISO (the International Organization for Standardization) and IEC (the International Electrotechnical Commission) form the specialized system for worldwide standardization. National bodies that are members of ISO or IEC participate in the development of International Standards through technical committees established by the respective organization to deal with particular fields of technical activity. ISO and IEC technical committees collaborate in fields of mutual interest. Other international organizations, governmental and non-governmental, in liaison with ISO and IEC, also take part in the work.;987292390922;us-east-1;2026-09-13 17:05:55.304157;A.12.4.K;Logging and Monitoring;Ensure a log metric filter and alarm exist for IAM policy changes;A.12 Operations Security;A.12.4.K;Logging and Monitoring;Ensure a log metric filter and alarm exist for IAM policy changes;MANUAL;Cannot evaluate CloudWatch metric filters and alarms: CloudTrail trails, log groups, metric filters or alarms could not be listed in at least one region. Verify that the scanning credentials are allowed to call cloudtrail:DescribeTrails, logs:DescribeLogGroups, logs:DescribeMetricFilters and cloudwatch:DescribeAlarms.;arn:aws:logs:us-east-1:987292390922:log-group;cloudwatch_log_metric_filter_policy_changes;False;987292390922;ISO27001;ISO/IEC 27001 Information Security Management Standard 2013
aws;ISO (the International Organization for Standardization) and IEC (the International Electrotechnical Commission) form the specialized system for worldwide standardization. National bodies that are members of ISO or IEC participate in the development of International Standards through technical committees established by the respective organization to deal with particular fields of technical activity. ISO and IEC technical committees collaborate in fields of mutual interest. Other international organizations, governmental and non-governmental, in liaison with ISO and IEC, also take part in the work.;987292390922;us-east-1;2026-09-13 17:05:55.304157;A.12.4.L;Logging and Monitoring;Ensure a log metric filter and alarm exist for usage of root account;A.12 Operations Security;A.12.4.L;Logging and Monitoring;Ensure a log metric filter and alarm exist for usage of root account;MANUAL;Cannot evaluate CloudWatch metric filters and alarms: CloudTrail trails, log groups, metric filters or alarms could not be listed in at least one region. Verify that the scanning credentials are allowed to call cloudtrail:DescribeTrails, logs:DescribeLogGroups, logs:DescribeMetricFilters and cloudwatch:DescribeAlarms.;arn:aws:logs:us-east-1:987292390922:log-group;cloudwatch_log_metric_filter_root_usage;False;987292390922;ISO27001;ISO/IEC 27001 Information Security Management Standard 2013
aws;ISO (the International Organization for Standardization) and IEC (the International Electrotechnical Commission) form the specialized system for worldwide standardization. National bodies that are members of ISO or IEC participate in the development of International Standards through technical committees established by the respective organization to deal with particular fields of technical activity. ISO and IEC technical committees collaborate in fields of mutual interest. Other international organizations, governmental and non-governmental, in liaison with ISO and IEC, also take part in the work.;987292390922;us-east-1;2026-09-13 17:05:55.304157;A.12.4.E;Logging and Monitoring;Ensure a log metric filter and alarm exist for security group changes;A.12 Operations Security;A.12.4.E;Logging and Monitoring;Ensure a log metric filter and alarm exist for security group changes;MANUAL;Cannot evaluate CloudWatch metric filters and alarms: CloudTrail trails, log groups, metric filters or alarms could not be listed in at least one region. Verify that the scanning credentials are allowed to call cloudtrail:DescribeTrails, logs:DescribeLogGroups, logs:DescribeMetricFilters and cloudwatch:DescribeAlarms.;arn:aws:logs:us-east-1:987292390922:log-group;cloudwatch_log_metric_filter_security_group_changes;False;987292390922;ISO27001;ISO/IEC 27001 Information Security Management Standard 2013
aws;ISO (the International Organization for Standardization) and IEC (the International Electrotechnical Commission) form the specialized system for worldwide standardization. National bodies that are members of ISO or IEC participate in the development of International Standards through technical committees established by the respective organization to deal with particular fields of technical activity. ISO and IEC technical committees collaborate in fields of mutual interest. Other international organizations, governmental and non-governmental, in liaison with ISO and IEC, also take part in the work.;987292390922;us-east-1;2026-09-13 17:05:55.304157;A.12.4.M;Logging and Monitoring;Ensure a log metric filter and alarm exist for Management Console sign-in without MFA;A.12 Operations Security;A.12.4.M;Logging and Monitoring;Ensure a log metric filter and alarm exist for Management Console sign-in without MFA;MANUAL;Cannot evaluate CloudWatch metric filters and alarms: CloudTrail trails, log groups, metric filters or alarms could not be listed in at least one region. Verify that the scanning credentials are allowed to call cloudtrail:DescribeTrails, logs:DescribeLogGroups, logs:DescribeMetricFilters and cloudwatch:DescribeAlarms.;arn:aws:logs:us-east-1:987292390922:log-group;cloudwatch_log_metric_filter_sign_in_without_mfa;False;987292390922;ISO27001;ISO/IEC 27001 Information Security Management Standard 2013
aws;ISO (the International Organization for Standardization) and IEC (the International Electrotechnical Commission) form the specialized system for worldwide standardization. National bodies that are members of ISO or IEC participate in the development of International Standards through technical committees established by the respective organization to deal with particular fields of technical activity. ISO and IEC technical committees collaborate in fields of mutual interest. Other international organizations, governmental and non-governmental, in liaison with ISO and IEC, also take part in the work.;987292390922;us-east-1;2026-09-13 17:05:55.304157;A.12.4.N;Logging and Monitoring;Ensure a log metric filter and alarm exist for unauthorized API calls;A.12 Operations Security;A.12.4.N;Logging and Monitoring;Ensure a log metric filter and alarm exist for unauthorized API calls;MANUAL;Cannot evaluate CloudWatch metric filters and alarms: CloudTrail trails, log groups, metric filters or alarms could not be listed in at least one region. Verify that the scanning credentials are allowed to call cloudtrail:DescribeTrails, logs:DescribeLogGroups, logs:DescribeMetricFilters and cloudwatch:DescribeAlarms.;arn:aws:logs:us-east-1:987292390922:log-group;cloudwatch_log_metric_filter_unauthorized_api_calls;False;987292390922;ISO27001;ISO/IEC 27001 Information Security Management Standard 2013
aws;ISO (the International Organization for Standardization) and IEC (the International Electrotechnical Commission) form the specialized system for worldwide standardization. National bodies that are members of ISO or IEC participate in the development of International Standards through technical committees established by the respective organization to deal with particular fields of technical activity. ISO and IEC technical committees collaborate in fields of mutual interest. Other international organizations, governmental and non-governmental, in liaison with ISO and IEC, also take part in the work.;987292390922;af-south-1;2026-09-13 17:05:55.304157;A.12.4.P;Logging and Monitoring;Ensure AWS Config is enabled in all regions;A.12 Operations Security;A.12.4.P;Logging and Monitoring;Ensure AWS Config is enabled in all regions;FAIL;AWS Config recorder 987292390922 is disabled.;arn:aws:config:af-south-1:987292390922:recorder;config_recorder_all_regions_enabled;False;987292390922;ISO27001;ISO/IEC 27001 Information Security Management Standard 2013
aws;ISO (the International Organization for Standardization) and IEC (the International Electrotechnical Commission) form the specialized system for worldwide standardization. National bodies that are members of ISO or IEC participate in the development of International Standards through technical committees established by the respective organization to deal with particular fields of technical activity. ISO and IEC technical committees collaborate in fields of mutual interest. Other international organizations, governmental and non-governmental, in liaison with ISO and IEC, also take part in the work.;987292390922;ap-northeast-1;2026-09-13 17:05:55.304157;A.12.4.P;Logging and Monitoring;Ensure AWS Config is enabled in all regions;A.12 Operations Security;A.12.4.P;Logging and Monitoring;Ensure AWS Config is enabled in all regions;FAIL;AWS Config recorder 987292390922 is disabled.;arn:aws:config:ap-northeast-1:987292390922:recorder;config_recorder_all_regions_enabled;False;987292390922;ISO27001;ISO/IEC 27001 Information Security Management Standard 2013
aws;ISO (the International Organization for Standardization) and IEC (the International Electrotechnical Commission) form the specialized system for worldwide standardization. National bodies that are members of ISO or IEC participate in the development of International Standards through technical committees established by the respective organization to deal with particular fields of technical activity. ISO and IEC technical committees collaborate in fields of mutual interest. Other international organizations, governmental and non-governmental, in liaison with ISO and IEC, also take part in the work.;987292390922;ap-northeast-2;2026-09-13 17:05:55.304157;A.12.4.P;Logging and Monitoring;Ensure AWS Config is enabled in all regions;A.12 Operations Security;A.12.4.P;Logging and Monitoring;Ensure AWS Config is enabled in all regions;FAIL;AWS Config recorder 987292390922 is disabled.;arn:aws:config:ap-northeast-2:987292390922:recorder;config_recorder_all_regions_enabled;False;987292390922;ISO27001;ISO/IEC 27001 Information Security Management Standard 2013
aws;ISO (the International Organization for Standardization) and IEC (the International Electrotechnical Commission) form the specialized system for worldwide standardization. National bodies that are members of ISO or IEC participate in the development of International Standards through technical committees established by the respective organization to deal with particular fields of technical activity. ISO and IEC technical committees collaborate in fields of mutual interest. Other international organizations, governmental and non-governmental, in liaison with ISO and IEC, also take part in the work.;987292390922;ap-northeast-3;2026-09-13 17:05:55.304157;A.12.4.P;Logging and Monitoring;Ensure AWS Config is enabled in all regions;A.12 Operations Security;A.12.4.P;Logging and Monitoring;Ensure AWS Config is enabled in all regions;FAIL;AWS Config recorder 987292390922 is disabled.;arn:aws:config:ap-northeast-3:987292390922:recorder;config_recorder_all_regions_enabled;False;987292390922;ISO27001;ISO/IEC 27001 Information Security Management Standard 2013
aws;ISO (the International Organization for Standardization) and IEC (the International Electrotechnical Commission) form the specialized system for worldwide standardization. National bodies that are members of ISO or IEC participate in the development of International Standards through technical committees established by the respective organization to deal with particular fields of technical activity. ISO and IEC technical committees collaborate in fields of mutual interest. Other international organizations, governmental and non-governmental, in liaison with ISO and IEC, also take part in the work.;987292390922;ap-south-1;2026-09-13 17:05:55.304157;A.12.4.P;Logging and Monitoring;Ensure AWS Config is enabled in all regions;A.12 Operations Security;A.12.4.P;Logging and Monitoring;Ensure AWS Config is enabled in all regions;FAIL;AWS Config recorder 987292390922 is disabled.;arn:aws:config:ap-south-1:987292390922:recorder;config_recorder_all_regions_enabled;False;987292390922;ISO27001;ISO/IEC 27001 Information Security Management Standard 2013
aws;ISO (the International Organization for Standardization) and IEC (the International Electrotechnical Commission) form the specialized system for worldwide standardization. National bodies that are members of ISO or IEC participate in the development of International Standards through technical committees established by the respective organization to deal with particular fields of technical activity. ISO and IEC technical committees collaborate in fields of mutual interest. Other international organizations, governmental and non-governmental, in liaison with ISO and IEC, also take part in the work.;987292390922;ap-southeast-1;2026-09-13 17:05:55.304157;A.12.4.P;Logging and Monitoring;Ensure AWS Config is enabled in all regions;A.12 Operations Security;A.12.4.P;Logging and Monitoring;Ensure AWS Config is enabled in all regions;FAIL;AWS Config recorder 987292390922 is disabled.;arn:aws:config:ap-southeast-1:987292390922:recorder;config_recorder_all_regions_enabled;False;987292390922;ISO27001;ISO/IEC 27001 Information Security Management Standard 2013
aws;ISO (the International Organization for Standardization) and IEC (the International Electrotechnical Commission) form the specialized system for worldwide standardization. National bodies that are members of ISO or IEC participate in the development of International Standards through technical committees established by the respective organization to deal with particular fields of technical activity. ISO and IEC technical committees collaborate in fields of mutual interest. Other international organizations, governmental and non-governmental, in liaison with ISO and IEC, also take part in the work.;987292390922;ap-southeast-2;2026-09-13 17:05:55.304157;A.12.4.P;Logging and Monitoring;Ensure AWS Config is enabled in all regions;A.12 Operations Security;A.12.4.P;Logging and Monitoring;Ensure AWS Config is enabled in all regions;FAIL;AWS Config recorder 987292390922 is disabled.;arn:aws:config:ap-southeast-2:987292390922:recorder;config_recorder_all_regions_enabled;False;987292390922;ISO27001;ISO/IEC 27001 Information Security Management Standard 2013
aws;ISO (the International Organization for Standardization) and IEC (the International Electrotechnical Commission) form the specialized system for worldwide standardization. National bodies that are members of ISO or IEC participate in the development of International Standards through technical committees established by the respective organization to deal with particular fields of technical activity. ISO and IEC technical committees collaborate in fields of mutual interest. Other international organizations, governmental and non-governmental, in liaison with ISO and IEC, also take part in the work.;987292390922;ca-central-1;2026-09-13 17:05:55.304157;A.12.4.P;Logging and Monitoring;Ensure AWS Config is enabled in all regions;A.12 Operations Security;A.12.4.P;Logging and Monitoring;Ensure AWS Config is enabled in all regions;FAIL;AWS Config recorder 987292390922 is disabled.;arn:aws:config:ca-central-1:987292390922:recorder;config_recorder_all_regions_enabled;False;987292390922;ISO27001;ISO/IEC 27001 Information Security Management Standard 2013
aws;ISO (the International Organization for Standardization) and IEC (the International Electrotechnical Commission) form the specialized system for worldwide standardization. National bodies that are members of ISO or IEC participate in the development of International Standards through technical committees established by the respective organization to deal with particular fields of technical activity. ISO and IEC technical committees collaborate in fields of mutual interest. Other international organizations, governmental and non-governmental, in liaison with ISO and IEC, also take part in the work.;987292390922;eu-central-1;2026-09-13 17:05:55.304157;A.12.4.P;Logging and Monitoring;Ensure AWS Config is enabled in all regions;A.12 Operations Security;A.12.4.P;Logging and Monitoring;Ensure AWS Config is enabled in all regions;FAIL;AWS Config recorder 987292390922 is disabled.;arn:aws:config:eu-central-1:987292390922:recorder;config_recorder_all_regions_enabled;False;987292390922;ISO27001;ISO/IEC 27001 Information Security Management Standard 2013
aws;ISO (the International Organization for Standardization) and IEC (the International Electrotechnical Commission) form the specialized system for worldwide standardization. National bodies that are members of ISO or IEC participate in the development of International Standards through technical committees established by the respective organization to deal with particular fields of technical activity. ISO and IEC technical committees collaborate in fields of mutual interest. Other international organizations, governmental and non-governmental, in liaison with ISO and IEC, also take part in the work.;987292390922;eu-north-1;2026-09-13 17:05:55.304157;A.12.4.P;Logging and Monitoring;Ensure AWS Config is enabled in all regions;A.12 Operations Security;A.12.4.P;Logging and Monitoring;Ensure AWS Config is enabled in all regions;FAIL;AWS Config recorder 987292390922 is disabled.;arn:aws:config:eu-north-1:987292390922:recorder;config_recorder_all_regions_enabled;False;987292390922;ISO27001;ISO/IEC 27001 Information Security Management Standard 2013
aws;ISO (the International Organization for Standardization) and IEC (the International Electrotechnical Commission) form the specialized system for worldwide standardization. National bodies that are members of ISO or IEC participate in the development of International Standards through technical committees established by the respective organization to deal with particular fields of technical activity. ISO and IEC technical committees collaborate in fields of mutual interest. Other international organizations, governmental and non-governmental, in liaison with ISO and IEC, also take part in the work.;987292390922;eu-west-1;2026-09-13 17:05:55.304157;A.12.4.P;Logging and Monitoring;Ensure AWS Config is enabled in all regions;A.12 Operations Security;A.12.4.P;Logging and Monitoring;Ensure AWS Config is enabled in all regions;FAIL;AWS Config recorder 987292390922 is disabled.;arn:aws:config:eu-west-1:987292390922:recorder;config_recorder_all_regions_enabled;False;987292390922;ISO27001;ISO/IEC 27001 Information Security Management Standard 2013
aws;ISO (the International Organization for Standardization) and IEC (the International Electrotechnical Commission) form the specialized system for worldwide standardization. National bodies that are members of ISO or IEC participate in the development of International Standards through technical committees established by the respective organization to deal with particular fields of technical activity. ISO and IEC technical committees collaborate in fields of mutual interest. Other international organizations, governmental and non-governmental, in liaison with ISO and IEC, also take part in the work.;987292390922;sa-east-1;2026-09-13 17:05:55.304157;A.12.4.P;Logging and Monitoring;Ensure AWS Config is enabled in all regions;A.12 Operations Security;A.12.4.P;Logging and Monitoring;Ensure AWS Config is enabled in all regions;FAIL;AWS Config recorder 987292390922 is disabled.;arn:aws:config:sa-east-1:987292390922:recorder;config_recorder_all_regions_enabled;False;987292390922;ISO27001;ISO/IEC 27001 Information Security Management Standard 2013
aws;ISO (the International Organization for Standardization) and IEC (the International Electrotechnical Commission) form the specialized system for worldwide standardization. National bodies that are members of ISO or IEC participate in the development of International Standards through technical committees established by the respective organization to deal with particular fields of technical activity. ISO and IEC technical committees collaborate in fields of mutual interest. Other international organizations, governmental and non-governmental, in liaison with ISO and IEC, also take part in the work.;987292390922;us-east-1;2026-09-13 17:05:55.304157;A.12.4.P;Logging and Monitoring;Ensure AWS Config is enabled in all regions;A.12 Operations Security;A.12.4.P;Logging and Monitoring;Ensure AWS Config is enabled in all regions;FAIL;AWS Config recorder 987292390922 is disabled.;arn:aws:config:us-east-1:987292390922:recorder;config_recorder_all_regions_enabled;False;987292390922;ISO27001;ISO/IEC 27001 Information Security Management Standard 2013
aws;ISO (the International Organization for Standardization) and IEC (the International Electrotechnical Commission) form the specialized system for worldwide standardization. National bodies that are members of ISO or IEC participate in the development of International Standards through technical committees established by the respective organization to deal with particular fields of technical activity. ISO and IEC technical committees collaborate in fields of mutual interest. Other international organizations, governmental and non-governmental, in liaison with ISO and IEC, also take part in the work.;987292390922;us-east-2;2026-09-13 17:05:55.304157;A.12.4.P;Logging and Monitoring;Ensure AWS Config is enabled in all regions;A.12 Operations Security;A.12.4.P;Logging and Monitoring;Ensure AWS Config is enabled in all regions;FAIL;AWS Config recorder 987292390922 is disabled.;arn:aws:config:us-east-2:987292390922:recorder;config_recorder_all_regions_enabled;False;987292390922;ISO27001;ISO/IEC 27001 Information Security Management Standard 2013
aws;ISO (the International Organization for Standardization) and IEC (the International Electrotechnical Commission) form the specialized system for worldwide standardization. National bodies that are members of ISO or IEC participate in the development of International Standards through technical committees established by the respective organization to deal with particular fields of technical activity. ISO and IEC technical committees collaborate in fields of mutual interest. Other international organizations, governmental and non-governmental, in liaison with ISO and IEC, also take part in the work.;987292390922;us-west-1;2026-09-13 17:05:55.304157;A.12.4.P;Logging and Monitoring;Ensure AWS Config is enabled in all regions;A.12 Operations Security;A.12.4.P;Logging and Monitoring;Ensure AWS Config is enabled in all regions;FAIL;AWS Config recorder 987292390922 is disabled.;arn:aws:config:us-west-1:987292390922:recorder;config_recorder_all_regions_enabled;False;987292390922;ISO27001;ISO/IEC 27001 Information Security Management Standard 2013
aws;ISO (the International Organization for Standardization) and IEC (the International Electrotechnical Commission) form the specialized system for worldwide standardization. National bodies that are members of ISO or IEC participate in the development of International Standards through technical committees established by the respective organization to deal with particular fields of technical activity. ISO and IEC technical committees collaborate in fields of mutual interest. Other international organizations, governmental and non-governmental, in liaison with ISO and IEC, also take part in the work.;987292390922;us-west-2;2026-09-13 17:05:55.304157;A.12.4.P;Logging and Monitoring;Ensure AWS Config is enabled in all regions;A.12 Operations Security;A.12.4.P;Logging and Monitoring;Ensure AWS Config is enabled in all regions;FAIL;AWS Config recorder 987292390922 is disabled.;arn:aws:config:us-west-2:987292390922:recorder;config_recorder_all_regions_enabled;False;987292390922;ISO27001;ISO/IEC 27001 Information Security Management Standard 2013
