PROVIDER;DESCRIPTION;ACCOUNTID;REGION;ASSESSMENTDATE;REQUIREMENTS_ID;REQUIREMENTS_DESCRIPTION;REQUIREMENTS_ATTRIBUTES_SECTION;REQUIREMENTS_ATTRIBUTES_SUBSECTION;REQUIREMENTS_ATTRIBUTES_SUBGROUP;REQUIREMENTS_ATTRIBUTES_SERVICE;REQUIREMENTS_ATTRIBUTES_TYPE;STATUS;STATUSEXTENDED;RESOURCEID;CHECKID;MUTED;RESOURCENAME;FRAMEWORK;NAME;REQUIREMENTS_ATTRIBUTES_COMMENT
aws;Checklist when onboarding new AWS Accounts to existing AWS Organization.;858573892697;us-east-1;2026-09-13 17:57:11.149991;Enabled security services;Check if security services are enabled;Deploy account from predefined IaC template;;;SecurityServices;Automated;FAIL;IAM Access Analyzer in account 858573892697 is not enabled.;arn:aws:accessanalyzer:us-east-1:858573892697:analyzer/unknown;accessanalyzer_enabled;False;analyzer/unknown;AWS-Account-Security-Onboarding;AWS Account Security Onboarding;
aws;Checklist when onboarding new AWS Accounts to existing AWS Organization.;858573892697;us-east-1;2026-09-13 17:57:11.149991;Create analyzers in each active regions;Establish analyzers within every active region.;IAM Access Analyzer;;;IAM Access Analyzer;Automated;FAIL;IAM Access Analyzer in account 858573892697 is not enabled.;arn:aws:accessanalyzer:us-east-1:858573892697:analyzer/unknown;accessanalyzer_enabled;False;analyzer/unknown;AWS-Account-Security-Onboarding;AWS Account Security Onboarding;
aws;Checklist when onboarding new AWS Accounts to existing AWS Organization.;858573892697;us-east-1;2026-09-13 17:57:11.149991;Verify that events are present in SecurityHub aggregated view;Confirm the presence of events within the aggregated view of SecurityHub.;IAM Access Analyzer;;;SecurityHub;Automated;FAIL;IAM Access Analyzer in account 858573892697 is not enabled.;arn:aws:accessanalyzer:us-east-1:858573892697:analyzer/unknown;accessanalyzer_enabled;False;analyzer/unknown;AWS-Account-Security-Onboarding;AWS Account Security Onboarding;
aws;Checklist when onboarding new AWS Accounts to existing AWS Organization.;858573892697;us-east-1;2026-09-13 17:57:11.149991;Billing, emergency, security contacts;Check if billing, emergency, security contacts are configured;Deploy account from predefined IaC template;;;Billing;Automated;MANUAL;Login to the AWS Console. Choose your account name on the top right of the window -> My Account -> Contact Information.;arn:aws:iam::858573892697:root;account_maintain_current_contact_details;False;858573892697;AWS-Account-Security-Onboarding;AWS Account Security Onboarding;
aws;Checklist when onboarding new AWS Accounts to existing AWS Organization.;858573892697;us-east-1;2026-09-13 17:57:11.149991;Billing, emergency, security contacts;Check if billing, emergency, security contacts are configured;Deploy account from predefined IaC template;;;Billing;Automated;MANUAL;Login to the AWS Console. Choose your account name on the top right of the window -> My Account -> Alternate Contacts -> Security Section.;arn:aws:iam::858573892697:root;account_security_contact_information_is_registered;False;858573892697;AWS-Account-Security-Onboarding;AWS Account Security Onboarding;
aws;Checklist when onboarding new AWS Accounts to existing AWS Organization.;858573892697;us-east-1;2026-09-13 17:57:11.149991;Enable as part of Organization trail;Activate as a component of the Organization trail.;AWS Cloudtrail;;;CloudTrail;Automated;FAIL;No CloudTrail trails enabled with logging were found.;arn:aws:cloudtrail:us-east-1:858573892697:trail;cloudtrail_multi_region_enabled;False;858573892697;AWS-Account-Security-Onboarding;AWS Account Security Onboarding;
aws;Checklist when onboarding new AWS Accounts to existing AWS Organization.;858573892697;us-east-1;2026-09-13 17:57:11.149991;Enable as part of Organization trail;Activate as a component of the Organization trail.;AWS Cloudtrail;;;CloudTrail;Automated;FAIL;No CloudTrail trails enabled and logging management events were found.;arn:aws:cloudtrail:us-east-1:858573892697:trail;cloudtrail_multi_region_enabled_logging_management_events;False;858573892697;AWS-Account-Security-Onboarding;AWS Account Security Onboarding;
aws;Checklist when onboarding new AWS Accounts to existing AWS Organization.;858573892697;us-east-1;2026-09-13 17:57:11.149991;Confirm that logs are present in S3 bucket and SIEM;Verify the existence of logs within both the S3 bucket and the SIEM system.;AWS Cloudtrail;;;CloudTrail;Automated;FAIL;No CloudTrail trails have a data event to record all S3 object-level API operations.;arn:aws:cloudtrail:us-east-1:858573892697:trail;cloudtrail_s3_dataevents_read_enabled;False;858573892697;AWS-Account-Security-Onboarding;AWS Account Security Onboarding;
aws;Checklist when onboarding new AWS Accounts to existing AWS Organization.;858573892697;us-east-1;2026-09-13 17:57:11.149991;Send S3 access logs for critical buckets to separate S3 bucket;Send S3 access logs for critical buckets to separate S3 bucket;Logging;;;Logging;Automated;FAIL;No CloudTrail trails have a data event to record all S3 object-level API operations.;arn:aws:cloudtrail:us-east-1:858573892697:trail;cloudtrail_s3_dataevents_write_enabled;False;858573892697;AWS-Account-Security-Onboarding;AWS Account Security Onboarding;
aws;Checklist when onboarding new AWS Accounts to existing AWS Organization.;858573892697;us-east-1;2026-09-13 17:57:11.149991;Confirm that logs are present in S3 bucket and SIEM;Verify the existence of logs within both the S3 bucket and the SIEM system.;AWS Cloudtrail;;;CloudTrail;Automated;FAIL;No CloudTrail trails have a data event to record all S3 object-level API operations.;arn:aws:cloudtrail:us-east-1:858573892697:trail;cloudtrail_s3_dataevents_write_enabled;False;858573892697;AWS-Account-Security-Onboarding;AWS Account Security Onboarding;
aws;Checklist when onboarding new AWS Accounts to existing AWS Organization.;858573892697;us-east-1;2026-09-13 17:57:11.149991;Critical alert on cloudtrail settings changes;Send critical alert on cloudtrail settings changes;Alerting;CloudTrail;;CloudTrail;Automated;FAIL;No CloudWatch log groups found with metric filters or alarms associated.;arn:aws:logs:us-east-1:858573892697:log-group;cloudwatch_log_metric_filter_and_alarm_for_cloudtrail_configuration_changes_enabled;False;858573892697;AWS-Account-Security-Onboarding;AWS Account Security Onboarding;
aws;Checklist when onboarding new AWS Accounts to existing AWS Organization.;858573892697;us-east-1;2026-09-13 17:57:11.149991;Alert on rise of ConsoleLoginFailures events;Alert on rise ConsoleLoginFailures events;Alerting;CloudTrail;;CloudTrail;Automated;FAIL;No CloudWatch log groups found with metric filters or alarms associated.;arn:aws:logs:us-east-1:858573892697:log-group;cloudwatch_log_metric_filter_authentication_failures;False;858573892697;AWS-Account-Security-Onboarding;AWS Account Security Onboarding;
aws;Checklist when onboarding new AWS Accounts to existing AWS Organization.;858573892697;us-east-1;2026-09-13 17:57:11.149991;Critical alert on every root user activity;Send critical alert on every root user activity;Alerting;CloudTrail;;CloudTrail;Automated;FAIL;No CloudWatch log groups found with metric filters or alarms associated.;arn:aws:logs:us-east-1:858573892697:log-group;cloudwatch_log_metric_filter_root_usage;False;858573892697;AWS-Account-Security-Onboarding;AWS Account Security Onboarding;
aws;Checklist when onboarding new AWS Accounts to existing AWS Organization.;858573892697;us-east-1;2026-09-13 17:57:11.149991;Enable continuous recording for most of the resources;Activate continuous recording for the majority of resources.;Enable AWS Config;;;Config;Automated;FAIL;AWS Config recorder 858573892697 is disabled.;arn:aws:config:us-east-1:858573892697:recorder;config_recorder_all_regions_enabled;False;858573892697;AWS-Account-Security-Onboarding;AWS Account Security Onboarding;
aws;Checklist when onboarding new AWS Accounts to existing AWS Organization.;858573892697;us-east-1;2026-09-13 17:57:11.149991;Confirm that records are present in central aggregator;Confirm that records are present in central aggregator;Enable AWS Config;;;Config;Automated;FAIL;AWS Config recorder 858573892697 is disabled.;arn:aws:config:us-east-1:858573892697:recorder;config_recorder_all_regions_enabled;False;858573892697;AWS-Account-Security-Onboarding;AWS Account Security Onboarding;
aws;Checklist when onboarding new AWS Accounts to existing AWS Organization.;858573892697;us-east-1;2026-09-13 17:57:11.149991;Enabled security services;Check if security services are enabled;Deploy account from predefined IaC template;;;SecurityServices;Automated;FAIL;GuardDuty is not enabled.;arn:aws:guardduty:us-east-1:858573892697:detector/unknown;guardduty_is_enabled;False;detector/unknown;AWS-Account-Security-Onboarding;AWS Account Security Onboarding;
aws;Checklist when onboarding new AWS Accounts to existing AWS Organization.;858573892697;us-east-1;2026-09-13 17:57:11.149991;Alert on each High finding;Checks that GuardDuty is enabled and configured to send High findings to CloudWatch Events;Alerting;GuardDuty;;GuardDuty;Automated;FAIL;GuardDuty is not enabled.;arn:aws:guardduty:us-east-1:858573892697:detector/unknown;guardduty_is_enabled;False;detector/unknown;AWS-Account-Security-Onboarding;AWS Account Security Onboarding;
aws;Checklist when onboarding new AWS Accounts to existing AWS Organization.;858573892697;us-east-1;2026-09-13 17:57:11.149991;Enable as part of central configuration for Organization;Please verify the existence of records within the central aggregator.;Enable GuardDuty;;;GuardDuty;Must;FAIL;GuardDuty is not enabled.;arn:aws:guardduty:us-east-1:858573892697:detector/unknown;guardduty_is_enabled;False;detector/unknown;AWS-Account-Security-Onboarding;AWS Account Security Onboarding;
aws;Checklist when onboarding new AWS Accounts to existing AWS Organization.;858573892697;us-east-1;2026-09-13 17:57:11.149991;Threat Detection;Detection of Threats in your AWS environment;Enable GuardDuty;;;GuardDuty;Must;FAIL;GuardDuty is not enabled.;arn:aws:guardduty:us-east-1:858573892697:detector/unknown;guardduty_is_enabled;False;detector/unknown;AWS-Account-Security-Onboarding;AWS Account Security Onboarding;
aws;Checklist when onboarding new AWS Accounts to existing AWS Organization.;858573892697;us-east-1;2026-09-13 17:57:11.149991;RDS protection;Protection for RDS instances;Enable GuardDuty;;;GuardDuty;Must;FAIL;GuardDuty is not enabled.;arn:aws:guardduty:us-east-1:858573892697:detector/unknown;guardduty_is_enabled;False;detector/unknown;AWS-Account-Security-Onboarding;AWS Account Security Onboarding;
aws;Checklist when onboarding new AWS Accounts to existing AWS Organization.;858573892697;us-east-1;2026-09-13 17:57:11.149991;Lambda protection;Protection using Lambda;Enable GuardDuty;;;Lambda;Must;FAIL;GuardDuty is not enabled.;arn:aws:guardduty:us-east-1:858573892697:detector/unknown;guardduty_is_enabled;False;detector/unknown;AWS-Account-Security-Onboarding;AWS Account Security Onboarding;
aws;Checklist when onboarding new AWS Accounts to existing AWS Organization.;858573892697;us-east-1;2026-09-13 17:57:11.149991;S3 protection;Protection using S3;Enable GuardDuty;;;S3;Must;FAIL;GuardDuty is not enabled.;arn:aws:guardduty:us-east-1:858573892697:detector/unknown;guardduty_is_enabled;False;detector/unknown;AWS-Account-Security-Onboarding;AWS Account Security Onboarding;
aws;Checklist when onboarding new AWS Accounts to existing AWS Organization.;858573892697;us-east-1;2026-09-13 17:57:11.149991;Malware Scanning;Conducting a Comprehensive Scan for Malicious Software;Enable GuardDuty;;;GuardDuty;Must;FAIL;GuardDuty is not enabled.;arn:aws:guardduty:us-east-1:858573892697:detector/unknown;guardduty_is_enabled;False;detector/unknown;AWS-Account-Security-Onboarding;AWS Account Security Onboarding;
aws;Checklist when onboarding new AWS Accounts to existing AWS Organization.;858573892697;us-east-1;2026-09-13 17:57:11.149991;Confirm that events are present in SIEM;Confirm that events are present in SIEM;Enable GuardDuty;;;GuardDuty;Must;FAIL;GuardDuty is not enabled.;arn:aws:guardduty:us-east-1:858573892697:detector/unknown;guardduty_is_enabled;False;detector/unknown;AWS-Account-Security-Onboarding;AWS Account Security Onboarding;
aws;Checklist when onboarding new AWS Accounts to existing AWS Organization.;858573892697;us-east-1;2026-09-13 17:57:11.149991;Apply suppression filters to disable useless findings;Implementing suppression filters to deactivate non-essential detections.;Enable GuardDuty;;;GuardDuty;Must;FAIL;GuardDuty is not enabled.;arn:aws:guardduty:us-east-1:858573892697:detector/unknown;guardduty_is_enabled;False;detector/unknown;AWS-Account-Security-Onboarding;AWS Account Security Onboarding;
aws;Checklist when onboarding new AWS Accounts to existing AWS Organization.;858573892697;us-east-1;2026-09-13 17:57:11.149991;Include in process of incident response based on events;Incorporate within the procedural framework of incident response, taking into account the triggering events.;Enable GuardDuty;;;GuardDuty;Must;FAIL;GuardDuty is not enabled.;arn:aws:guardduty:us-east-1:858573892697:detector/unknown;guardduty_is_enabled;False;detector/unknown;AWS-Account-Security-Onboarding;AWS Account Security Onboarding;
aws;Checklist when onboarding new AWS Accounts to existing AWS Organization.;858573892697;us-east-1;2026-09-13 17:57:11.149991;Runtime protection;Brand new and in need of thorough testing.;Enable GuardDuty;;;GuardDuty;Optional;FAIL;GuardDuty is not enabled.;arn:aws:guardduty:us-east-1:858573892697:detector/unknown;guardduty_is_enabled;False;detector/unknown;AWS-Account-Security-Onboarding;AWS Account Security Onboarding;
aws;Checklist when onboarding new AWS Accounts to existing AWS Organization.;858573892697;us-east-1;2026-09-13 17:57:11.149991;Block root user;Block root user;SCPs;Apply existing SCPs based on OU placement;;IAM;Automated;FAIL;Root user in the account was last accessed 0 days ago.;arn:aws:iam::858573892697:root;iam_avoid_root_usage;False;<root_account>;AWS-Account-Security-Onboarding;AWS Account Security Onboarding;
aws;Checklist when onboarding new AWS Accounts to existing AWS Organization.;858573892697;us-east-1;2026-09-13 17:57:11.149991;Block root user;Block root user;SCPs;Apply existing SCPs based on OU placement;;IAM;Automated;PASS;Root account does not have access keys.;arn:aws:iam::858573892697:root;iam_no_root_access_key;False;<root_account>;AWS-Account-Security-Onboarding;AWS Account Security Onboarding;
aws;Checklist when onboarding new AWS Accounts to existing AWS Organization.;858573892697;us-east-1;2026-09-13 17:57:11.149991;Predefine IAM Roles;Check if exists predefine IAM Roles;Deploy account from predefined IaC template;;;IAM;Automated;FAIL;User EddieQ has the policy AmazonEC2ContainerRegistryFullAccess attached.;arn:aws:iam::858573892697:user/EddieQ;iam_policy_attached_only_to_group_or_roles;False;EddieQ/AmazonEC2ContainerRegistryFullAccess;AWS-Account-Security-Onboarding;AWS Account Security Onboarding;
aws;Checklist when onboarding new AWS Accounts to existing AWS Organization.;858573892697;us-east-1;2026-09-13 17:57:11.149991;Predefine IAM Roles;Check if exists predefine IAM Roles;Deploy account from predefined IaC template;;;IAM;Automated;FAIL;User EddieQ has the policy AmazonEC2ContainerServiceFullAccess attached.;arn:aws:iam::858573892697:user/EddieQ;iam_policy_attached_only_to_group_or_roles;False;EddieQ/AmazonEC2ContainerServiceFullAccess;AWS-Account-Security-Onboarding;AWS Account Security Onboarding;
aws;Checklist when onboarding new AWS Accounts to existing AWS Organization.;858573892697;us-east-1;2026-09-13 17:57:11.149991;Predefine IAM Roles;Check if exists predefine IAM Roles;Deploy account from predefined IaC template;;;IAM;Automated;FAIL;User EddieQ has the policy AdministratorAccess attached.;arn:aws:iam::858573892697:user/EddieQ;iam_policy_attached_only_to_group_or_roles;False;EddieQ/AdministratorAccess;AWS-Account-Security-Onboarding;AWS Account Security Onboarding;
aws;Checklist when onboarding new AWS Accounts to existing AWS Organization.;858573892697;us-east-1;2026-09-13 17:57:11.149991;Predefine IAM Roles;Check if exists predefine IAM Roles;Deploy account from predefined IaC template;;;IAM;Automated;FAIL;User EddieQ has the policy IAMUserChangePassword attached.;arn:aws:iam::858573892697:user/EddieQ;iam_policy_attached_only_to_group_or_roles;False;EddieQ/IAMUserChangePassword;AWS-Account-Security-Onboarding;AWS Account Security Onboarding;
aws;Checklist when onboarding new AWS Accounts to existing AWS Organization.;858573892697;us-east-1;2026-09-13 17:57:11.149991;Predefine IAM Roles;Check if exists predefine IAM Roles;Deploy account from predefined IaC template;;;IAM;Automated;FAIL;User EddieQ has the policy AWSCloudShellFullAccess attached.;arn:aws:iam::858573892697:user/EddieQ;iam_policy_attached_only_to_group_or_roles;False;EddieQ/AWSCloudShellFullAccess;AWS-Account-Security-Onboarding;AWS Account Security Onboarding;
aws;Checklist when onboarding new AWS Accounts to existing AWS Organization.;858573892697;us-east-1;2026-09-13 17:57:11.149991;Predefine IAM Roles;Check if exists predefine IAM Roles;Deploy account from predefined IaC template;;;IAM;Automated;FAIL;User EddieQ has the inline policy AWSRevokeOlderSessions attached.;arn:aws:iam::858573892697:user/EddieQ;iam_policy_attached_only_to_group_or_roles;False;EddieQ/AWSRevokeOlderSessions;AWS-Account-Security-Onboarding;AWS Account Security Onboarding;
aws;Checklist when onboarding new AWS Accounts to existing AWS Organization.;858573892697;us-east-1;2026-09-13 17:57:11.149991;Predefine IAM Roles;Check if exists predefine IAM Roles;Deploy account from predefined IaC template;;;IAM;Automated;PASS;User QLabs has no inline or attached policies.;arn:aws:iam::858573892697:user/QLabs;iam_policy_attached_only_to_group_or_roles;False;QLabs;AWS-Account-Security-Onboarding;AWS Account Security Onboarding;
aws;Checklist when onboarding new AWS Accounts to existing AWS Organization.;858573892697;us-east-1;2026-09-13 17:57:11.149991;Predefine IAM Roles;Check if exists predefine IAM Roles;Deploy account from predefined IaC template;;;IAM;Automated;FAIL;IAM Service Role AWSDeepRacerCloudFormationAccessRole does not prevent against a cross-service confused deputy attack.;arn:aws:iam::858573892697:role/service-role/AWSDeepRacerCloudFormationAccessRole;iam_role_cross_service_confused_deputy_prevention;False;AWSDeepRacerCloudFormationAccessRole;AWS-Account-Security-Onboarding;AWS Account Security Onboarding;
aws;Checklist when onboarding new AWS Accounts to existing AWS Organization.;858573892697;us-east-1;2026-09-13 17:57:11.149991;Predefine IAM Roles;Check if exists predefine IAM Roles;Deploy account from predefined IaC template;;;IAM;Automated;FAIL;IAM Service Role AWSDeepRacerLambdaAccessRole does not prevent against a cross-service confused deputy attack.;arn:aws:iam::858573892697:role/service-role/AWSDeepRacerLambdaAccessRole;iam_role_cross_service_confused_deputy_prevention;False;AWSDeepRacerLambdaAccessRole;AWS-Account-Security-Onboarding;AWS Account Security Onboarding;
aws;Checklist when onboarding new AWS Accounts to existing AWS Organization.;858573892697;us-east-1;2026-09-13 17:57:11.149991;Predefine IAM Roles;Check if exists predefine IAM Roles;Deploy account from predefined IaC template;;;IAM;Automated;FAIL;IAM Service Role AWSDeepRacerRoboMakerAccessRole does not prevent against a cross-service confused deputy attack.;arn:aws:iam::858573892697:role/service-role/AWSDeepRacerRoboMakerAccessRole;iam_role_cross_service_confused_deputy_prevention;False;AWSDeepRacerRoboMakerAccessRole;AWS-Account-Security-Onboarding;AWS Account Security Onboarding;
aws;Checklist when onboarding new AWS Accounts to existing AWS Organization.;858573892697;us-east-1;2026-09-13 17:57:11.149991;Predefine IAM Roles;Check if exists predefine IAM Roles;Deploy account from predefined IaC template;;;IAM;Automated;FAIL;IAM Service Role AWSDeepRacerSageMakerAccessRole does not prevent against a cross-service confused deputy attack.;arn:aws:iam::858573892697:role/service-role/AWSDeepRacerSageMakerAccessRole;iam_role_cross_service_confused_deputy_prevention;False;AWSDeepRacerSageMakerAccessRole;AWS-Account-Security-Onboarding;AWS Account Security Onboarding;
aws;Checklist when onboarding new AWS Accounts to existing AWS Organization.;858573892697;us-east-1;2026-09-13 17:57:11.149991;Predefine IAM Roles;Check if exists predefine IAM Roles;Deploy account from predefined IaC template;;;IAM;Automated;FAIL;IAM Service Role AWSDeepRacerServiceRole does not prevent against a cross-service confused deputy attack.;arn:aws:iam::858573892697:role/service-role/AWSDeepRacerServiceRole;iam_role_cross_service_confused_deputy_prevention;False;AWSDeepRacerServiceRole;AWS-Account-Security-Onboarding;AWS Account Security Onboarding;
aws;Checklist when onboarding new AWS Accounts to existing AWS Organization.;858573892697;us-east-1;2026-09-13 17:57:11.149991;Predefine IAM Roles;Check if exists predefine IAM Roles;Deploy account from predefined IaC template;;;IAM;Automated;FAIL;IAM Service Role vaultcloud-app-role does not prevent against a cross-service confused deputy attack.;arn:aws:iam::858573892697:role/vaultcloud-app-role;iam_role_cross_service_confused_deputy_prevention;False;vaultcloud-app-role;AWS-Account-Security-Onboarding;AWS Account Security Onboarding;
aws;Checklist when onboarding new AWS Accounts to existing AWS Organization.;858573892697;us-east-1;2026-09-13 17:57:11.149991;Predefine IAM Roles;Check if exists predefine IAM Roles;Deploy account from predefined IaC template;;;IAM;Automated;FAIL;IAM Service Role vaultcloud-lambda-role does not prevent against a cross-service confused deputy attack.;arn:aws:iam::858573892697:role/vaultcloud-lambda-role;iam_role_cross_service_confused_deputy_prevention;False;vaultcloud-lambda-role;AWS-Account-Security-Onboarding;AWS Account Security Onboarding;
aws;Checklist when onboarding new AWS Accounts to existing AWS Organization.;858573892697;us-east-1;2026-09-13 17:57:11.149991;Root user - distribution email + MFA;Check if root user has distribution email and MFA enabled;Deploy account from predefined IaC template;;;IAM;Automated;FAIL;Root account has a virtual MFA instead of a hardware MFA device enabled.;arn:aws:iam::858573892697:mfa;iam_root_hardware_mfa_enabled;False;<root_account>;AWS-Account-Security-Onboarding;AWS Account Security Onboarding;
aws;Checklist when onboarding new AWS Accounts to existing AWS Organization.;858573892697;us-east-1;2026-09-13 17:57:11.149991;Root user - distribution email + MFA;Check if root user has distribution email and MFA enabled;Deploy account from predefined IaC template;;;IAM;Automated;PASS;MFA is enabled for root account.;arn:aws:iam::858573892697:root;iam_root_mfa_enabled;False;<root_account>;AWS-Account-Security-Onboarding;AWS Account Security Onboarding;
aws;Checklist when onboarding new AWS Accounts to existing AWS Organization.;858573892697;us-east-1;2026-09-13 17:57:11.149991;Predefine IAM Roles;Check if exists predefine IAM Roles;Deploy account from predefined IaC template;;;IAM;Automated;FAIL;AWS Support Access policy is not attached to any role.;arn:aws:iam::aws:policy/AWSSupportAccess;iam_support_role_created;False;858573892697;AWS-Account-Security-Onboarding;AWS Account Security Onboarding;
aws;Checklist when onboarding new AWS Accounts to existing AWS Organization.;858573892697;us-east-1;2026-09-13 17:57:11.149991;Enable and configure AWS Inspector;Enable and set up AWS Inspector.;Vulnerability Scanning;EC2 used as servers;;EC2;Automated;FAIL;Inspector2 is not enabled in this account.;arn:aws:inspector2:us-east-1:858573892697:inspector2;inspector2_is_enabled;False;Inspector2;AWS-Account-Security-Onboarding;AWS Account Security Onboarding;
aws;Checklist when onboarding new AWS Accounts to existing AWS Organization.;858573892697;us-east-1;2026-09-13 17:57:11.149991;Scan images for vulnerability on upload to ECR;Check uploaded images for vulnerabilities when adding them to the ECR (Elastic Container Registry).;Vulnerability Scanning;ECR used as docker images hub;;ECR;Automated;FAIL;Inspector2 is not enabled in this account.;arn:aws:inspector2:us-east-1:858573892697:inspector2;inspector2_is_enabled;False;Inspector2;AWS-Account-Security-Onboarding;AWS Account Security Onboarding;
aws;Checklist when onboarding new AWS Accounts to existing AWS Organization.;858573892697;us-east-1;2026-09-13 17:57:11.149991;Enabled security services;Check if security services are enabled;Deploy account from predefined IaC template;;;SecurityServices;Automated;FAIL;Macie is not enabled.;arn:aws:macie:us-east-1:858573892697:session;macie_is_enabled;False;858573892697;AWS-Account-Security-Onboarding;AWS Account Security Onboarding;
aws;Checklist when onboarding new AWS Accounts to existing AWS Organization.;858573892697;us-east-1;2026-09-13 17:57:11.149991;Consider enabling for critical buckets only;Please contemplate activating this feature exclusively for essential or crucial buckets.;Macie;;;Macie;Automated;FAIL;Macie is not enabled.;arn:aws:macie:us-east-1:858573892697:session;macie_is_enabled;False;858573892697;AWS-Account-Security-Onboarding;AWS Account Security Onboarding;
aws;Checklist when onboarding new AWS Accounts to existing AWS Organization.;858573892697;us-east-1;2026-09-13 17:57:11.149991;S3 Block Public Access;Block public access to S3 buckets;Deploy account from predefined IaC template;;;S3;Automated;FAIL;Block Public Access is not configured for the account 858573892697.;arn:aws:s3:us-east-1:858573892697:account;s3_account_level_public_access_blocks;False;858573892697;AWS-Account-Security-Onboarding;AWS Account Security Onboarding;
aws;Checklist when onboarding new AWS Accounts to existing AWS Organization.;858573892697;us-east-1;2026-09-13 17:57:11.149991;S3 Block Public Access;Block public access to S3 buckets;Deploy account from predefined IaC template;;;S3;Automated;FAIL;Block Public Access is not configured for the S3 Bucket nextwork-website-project-eddieqx.;arn:aws:s3:::nextwork-website-project-eddieqx;s3_bucket_level_public_access_block;False;nextwork-website-project-eddieqx;AWS-Account-Security-Onboarding;AWS Account Security Onboarding;
aws;Checklist when onboarding new AWS Accounts to existing AWS Organization.;858573892697;us-east-1;2026-09-13 17:57:11.149991;S3 Block Public Access;Block public access to S3 buckets;Deploy account from predefined IaC template;;;S3;Automated;PASS;Block Public Access is configured for the S3 Bucket vaultcloud-logs-prod-2024.;arn:aws:s3:::vaultcloud-logs-prod-2024;s3_bucket_level_public_access_block;False;vaultcloud-logs-prod-2024;AWS-Account-Security-Onboarding;AWS Account Security Onboarding;
aws;Checklist when onboarding new AWS Accounts to existing AWS Organization.;858573892697;us-east-1;2026-09-13 17:57:11.149991;S3 Block Public Access;Block public access to S3 buckets;Deploy account from predefined IaC template;;;S3;Automated;PASS;Block Public Access is configured for the S3 Bucket vaultcloud-uploads-prod-2024.;arn:aws:s3:::vaultcloud-uploads-prod-2024;s3_bucket_level_public_access_block;False;vaultcloud-uploads-prod-2024;AWS-Account-Security-Onboarding;AWS Account Security Onboarding;
aws;Checklist when onboarding new AWS Accounts to existing AWS Organization.;858573892697;us-east-1;2026-09-13 17:57:11.149991;S3 Block Public Access;Block public access to S3 buckets;Deploy account from predefined IaC template;;;S3;Automated;PASS;S3 Bucket nextwork-website-project-eddieqx is not public.;arn:aws:s3:::nextwork-website-project-eddieqx;s3_bucket_public_access;False;nextwork-website-project-eddieqx;AWS-Account-Security-Onboarding;AWS Account Security Onboarding;
aws;Checklist when onboarding new AWS Accounts to existing AWS Organization.;858573892697;us-east-1;2026-09-13 17:57:11.149991;S3 Block Public Access;Block public access to S3 buckets;Deploy account from predefined IaC template;;;S3;Automated;PASS;S3 Bucket vaultcloud-logs-prod-2024 is not public.;arn:aws:s3:::vaultcloud-logs-prod-2024;s3_bucket_public_access;False;vaultcloud-logs-prod-2024;AWS-Account-Security-Onboarding;AWS Account Security Onboarding;
aws;Checklist when onboarding new AWS Accounts to existing AWS Organization.;858573892697;us-east-1;2026-09-13 17:57:11.149991;S3 Block Public Access;Block public access to S3 buckets;Deploy account from predefined IaC template;;;S3;Automated;PASS;S3 Bucket vaultcloud-uploads-prod-2024 is not public.;arn:aws:s3:::vaultcloud-uploads-prod-2024;s3_bucket_public_access;False;vaultcloud-uploads-prod-2024;AWS-Account-Security-Onboarding;AWS Account Security Onboarding;
aws;Checklist when onboarding new AWS Accounts to existing AWS Organization.;858573892697;us-east-1;2026-09-13 17:57:11.149991;Enabled security services;Check if security services are enabled;Deploy account from predefined IaC template;;;SecurityServices;Automated;FAIL;Security Hub is not enabled.;arn:aws:securityhub:us-east-1:858573892697:hub/unknown;securityhub_enabled;False;hub/unknown;AWS-Account-Security-Onboarding;AWS Account Security Onboarding;
aws;Checklist when onboarding new AWS Accounts to existing AWS Organization.;858573892697;us-east-1;2026-09-13 17:57:11.149991;Verify that events are present in SecurityHub aggregated view;Confirm the presence of events within the aggregated view of SecurityHub.;IAM Access Analyzer;;;SecurityHub;Automated;FAIL;Security Hub is not enabled.;arn:aws:securityhub:us-east-1:858573892697:hub/unknown;securityhub_enabled;False;hub/unknown;AWS-Account-Security-Onboarding;AWS Account Security Onboarding;
aws;Checklist when onboarding new AWS Accounts to existing AWS Organization.;858573892697;us-east-1;2026-09-13 17:57:11.149991;Deploy solution to alert on at least critical new findings;Implement a solution to trigger alerts for newly identified critical issues at minimum.;Enable AWS SecurityHub;;;SecurityHub;Automated;FAIL;Security Hub is not enabled.;arn:aws:securityhub:us-east-1:858573892697:hub/unknown;securityhub_enabled;False;hub/unknown;AWS-Account-Security-Onboarding;AWS Account Security Onboarding;
aws;Checklist when onboarding new AWS Accounts to existing AWS Organization.;858573892697;us-east-1;2026-09-13 17:57:11.149991;Apply SecurityHub Central Configuration for Organization;Apply SecurityHub Central Configuration for Organization;Enable AWS SecurityHub;;;SecurityHub;Automated;FAIL;Security Hub is not enabled.;arn:aws:securityhub:us-east-1:858573892697:hub/unknown;securityhub_enabled;False;hub/unknown;AWS-Account-Security-Onboarding;AWS Account Security Onboarding;
aws;Checklist when onboarding new AWS Accounts to existing AWS Organization.;858573892697;us-east-1;2026-09-13 17:57:11.149991;Enable/disable additional standards and controls;Implement SecurityHub Central Configuration across the organization.;Enable AWS SecurityHub;;;SecurityHub;Automated;FAIL;Security Hub is not enabled.;arn:aws:securityhub:us-east-1:858573892697:hub/unknown;securityhub_enabled;False;hub/unknown;AWS-Account-Security-Onboarding;AWS Account Security Onboarding;
aws;Checklist when onboarding new AWS Accounts to existing AWS Organization.;858573892697;us-east-1;2026-09-13 17:57:11.149991;Confirm that findings are being visible in the aggregated view;Please verify that the findings are visible when viewed in the aggregated perspective.;Enable AWS SecurityHub;;;SecurityHub;Automated;FAIL;Security Hub is not enabled.;arn:aws:securityhub:us-east-1:858573892697:hub/unknown;securityhub_enabled;False;hub/unknown;AWS-Account-Security-Onboarding;AWS Account Security Onboarding;
aws;Checklist when onboarding new AWS Accounts to existing AWS Organization.;858573892697;us-east-1;2026-09-13 17:57:11.149991;Ensure that there are no critical (and considered critical) findings present in account;Make certain that there are no critical findings, whether deemed critical or not, within the account.;Enable AWS SecurityHub;;;SecurityHub;Automated;FAIL;Security Hub is not enabled.;arn:aws:securityhub:us-east-1:858573892697:hub/unknown;securityhub_enabled;False;hub/unknown;AWS-Account-Security-Onboarding;AWS Account Security Onboarding;
aws;Checklist when onboarding new AWS Accounts to existing AWS Organization.;858573892697;us-east-1;2026-09-13 17:57:11.149991;Send VPC Flow Logs (only DENYs) to S3 bucket;Send VPC Flow Logs (only DENYs) to S3 bucket;Logging;;;Logging;Automated;FAIL;VPC vaultcloud-vpc Flow logs are disabled.;arn:aws:ec2:us-east-1:858573892697:vpc/vpc-05003d63d9533f68c;vpc_flow_logs_enabled;False;vpc-05003d63d9533f68c;AWS-Account-Security-Onboarding;AWS Account Security Onboarding;
aws;Checklist when onboarding new AWS Accounts to existing AWS Organization.;;;2026-09-13 17:57:11.149991;IDC integration, SSO configuration;Check if IDC integration and SSO configuration is enabled;Deploy account from predefined IaC template;;;IAM Identity Center;Manual;MANUAL;Manual check;manual_check;manual;False;Manual check;AWS-Account-Security-Onboarding;AWS Account Security Onboarding;
aws;Checklist when onboarding new AWS Accounts to existing AWS Organization.;;;2026-09-13 17:57:11.149991;Organization invitation;Check if organization invitation is enabled;Deploy account from predefined IaC template;;;Organizations;Manual;MANUAL;Manual check;manual_check;manual;False;Manual check;AWS-Account-Security-Onboarding;AWS Account Security Onboarding;
aws;Checklist when onboarding new AWS Accounts to existing AWS Organization.;;;2026-09-13 17:57:11.149991;Block tampering with security-related settings and services;Block tampering with security-related settings and services;SCPs;Apply existing SCPs based on OU placement;;IAM;Manual;MANUAL;Manual check;manual_check;manual;False;Manual check;AWS-Account-Security-Onboarding;AWS Account Security Onboarding;
aws;Checklist when onboarding new AWS Accounts to existing AWS Organization.;;;2026-09-13 17:57:11.149991;Restrict instances types;Restrict instances types;SCPs;Apply existing SCPs based on OU placement;;IAM;Manual;MANUAL;Manual check;manual_check;manual;False;Manual check;AWS-Account-Security-Onboarding;AWS Account Security Onboarding;
aws;Checklist when onboarding new AWS Accounts to existing AWS Organization.;;;2026-09-13 17:57:11.149991;Add custom SCPs if required;Add custom SCPs if required;SCPs;;;IAM;Manual;MANUAL;Manual check;manual_check;manual;False;Manual check;AWS-Account-Security-Onboarding;AWS Account Security Onboarding;
aws;Checklist when onboarding new AWS Accounts to existing AWS Organization.;;;2026-09-13 17:57:11.149991;Send DNS Resolvers queries to SIEM;Send DNS Resolvers queries to SIEM;Logging;;;Logging;Manual;MANUAL;Manual check;manual_check;manual;False;Manual check;AWS-Account-Security-Onboarding;AWS Account Security Onboarding;
aws;Checklist when onboarding new AWS Accounts to existing AWS Organization.;;;2026-09-13 17:57:11.149991;Establish ready-to-be-enabled pipelines to deliver ALB and CFD to SIEM to toggle in case of emergency and investigations;Establish ready-to-be-enabled pipelines to deliver ALB and CFD to SIEM to toggle in case of emergency and investigations;Logging;;;Logging;Manual;MANUAL;Manual check;manual_check;manual;False;Manual check;AWS-Account-Security-Onboarding;AWS Account Security Onboarding;
aws;Checklist when onboarding new AWS Accounts to existing AWS Organization.;;;2026-09-13 17:57:11.149991;Alerts based on aggregated findings with severity Medium and below;Alert based on aggregated findings with severity Medium and below;Alerting;GuardDuty;;GuardDuty;Manual;MANUAL;Manual check;manual_check;manual;False;Manual check;AWS-Account-Security-Onboarding;AWS Account Security Onboarding;
aws;Checklist when onboarding new AWS Accounts to existing AWS Organization.;;;2026-09-13 17:57:11.149991;Alert on IAM user changes;Alert on IAM user changes;Alerting;CloudTrail;;CloudTrail;Manual;MANUAL;Manual check;manual_check;manual;False;Manual check;AWS-Account-Security-Onboarding;AWS Account Security Onboarding;
aws;Checklist when onboarding new AWS Accounts to existing AWS Organization.;;;2026-09-13 17:57:11.149991;Alert on snapshot manipulations;Alert when a snapshot is manipulated;Alerting;CloudTrail;;CloudTrail;Manual;MANUAL;Manual check;manual_check;manual;False;Manual check;AWS-Account-Security-Onboarding;AWS Account Security Onboarding;
aws;Checklist when onboarding new AWS Accounts to existing AWS Organization.;;;2026-09-13 17:57:11.149991;Alerts on raised cost anomaly events;Alert when cost anomaly events are raised;Alerting;Cost Anomaly;;Billing;Manual;MANUAL;Manual check;manual_check;manual;False;Manual check;AWS-Account-Security-Onboarding;AWS Account Security Onboarding;
aws;Checklist when onboarding new AWS Accounts to existing AWS Organization.;;;2026-09-13 17:57:11.149991;Alerts based on (at least) each new CRITICAL finding;Alerts triggered by every new CRITICAL finding, at a minimum.;Alerting;SecurityHub;;SecurityHub;Manual;MANUAL;Manual check;manual_check;manual;False;Manual check;AWS-Account-Security-Onboarding;AWS Account Security Onboarding;
aws;Checklist when onboarding new AWS Accounts to existing AWS Organization.;;;2026-09-13 17:57:11.149991;Realert on inactivity in a set period;Activate a re-alert system for detecting inactivity within a specified time frame.;Alerting;SecurityHub;;SecurityHub;Manual;MANUAL;Manual check;manual_check;manual;False;Manual check;AWS-Account-Security-Onboarding;AWS Account Security Onboarding;
aws;Checklist when onboarding new AWS Accounts to existing AWS Organization.;;;2026-09-13 17:57:11.149991;Alerts based on rate-based rules;Notifications triggered by rate-based regulations;Alerting;WAF;;WAF;Manual;MANUAL;Manual check;manual_check;manual;False;Manual check;AWS-Account-Security-Onboarding;AWS Account Security Onboarding;
aws;Checklist when onboarding new AWS Accounts to existing AWS Organization.;;;2026-09-13 17:57:11.149991;Alerts based on high amount of blocked requests by managed rules;Notifications triggered by a significant number of blocked requests as a result of managed rules.;Alerting;WAF;;WAF;Manual;MANUAL;Manual check;manual_check;manual;False;Manual check;AWS-Account-Security-Onboarding;AWS Account Security Onboarding;
aws;Checklist when onboarding new AWS Accounts to existing AWS Organization.;;;2026-09-13 17:57:11.149991;Alert based on DDoSDetected metric;Generate an alert triggered by the detection of a DDoS attack based on the DDoSDetected metric.;Alerting;Shield;;Shield;Manual;MANUAL;Manual check;manual_check;manual;False;Manual check;AWS-Account-Security-Onboarding;AWS Account Security Onboarding;
aws;Checklist when onboarding new AWS Accounts to existing AWS Organization.;;;2026-09-13 17:57:11.149991;Adopt incident response guide and prepared battle card;Utilize the incident response manual and have the battle card ready for use.;Alerting;Shield;;Shield;Manual;MANUAL;Manual check;manual_check;manual;False;Manual check;AWS-Account-Security-Onboarding;AWS Account Security Onboarding;
aws;Checklist when onboarding new AWS Accounts to existing AWS Organization.;;;2026-09-13 17:57:11.149991;Alert on blocked DNS query;Notify when a DNS query is obstructed.;Alerting;R53 DNS Resolver;;Route53;Manual;MANUAL;Manual check;manual_check;manual;False;Manual check;AWS-Account-Security-Onboarding;AWS Account Security Onboarding;
aws;Checklist when onboarding new AWS Accounts to existing AWS Organization.;;;2026-09-13 17:57:11.149991;Alert on critical vulnerabilities in AMIs/Images;Notification regarding severe vulnerabilities detected in AMIs/Images.;Alerting;Vulnerability Scanning;;Inspector;Manual;MANUAL;Manual check;manual_check;manual;False;Manual check;AWS-Account-Security-Onboarding;AWS Account Security Onboarding;
aws;Checklist when onboarding new AWS Accounts to existing AWS Organization.;;;2026-09-13 17:57:11.149991;Create Cost Anomaly Detection monitors to alert spending anomalies (Prod);Develop monitoring systems for detecting cost anomalies and generating alerts for irregular spending patterns.;Budget Alarms;Prod;;CloudWatch;Manual;MANUAL;Manual check;manual_check;manual;False;Manual check;AWS-Account-Security-Onboarding;AWS Account Security Onboarding;
aws;Checklist when onboarding new AWS Accounts to existing AWS Organization.;;;2026-09-13 17:57:11.149991;Create Cost Anomaly Detection monitors to alert spending anomalies (QA);Establish monitoring systems for cost anomaly detection to promptly notify about unusual spending patterns.;Budget Alarms;QA;;CloudWatch;Manual;MANUAL;Manual check;manual_check;manual;False;Manual check;AWS-Account-Security-Onboarding;AWS Account Security Onboarding;
aws;Checklist when onboarding new AWS Accounts to existing AWS Organization.;;;2026-09-13 17:57:11.149991;Configure Budgets Actions to stop services in cases of big unexpected spendings;Set up Budgets Actions to halt services when significant unexpected expenses occur.;Budget Alarms;QA;;SNS;Manual;MANUAL;Manual check;manual_check;manual;False;Manual check;AWS-Account-Security-Onboarding;AWS Account Security Onboarding;
aws;Checklist when onboarding new AWS Accounts to existing AWS Organization.;;;2026-09-13 17:57:11.149991;Export scan results as metrics in centralized collector (ECR);Generate metric data from scan results and store it in a centralized collector.;Vulnerability Scanning;ECR used as docker images hub;;ECR;Manual;MANUAL;Manual check;manual_check;manual;False;Manual check;AWS-Account-Security-Onboarding;AWS Account Security Onboarding;
aws;Checklist when onboarding new AWS Accounts to existing AWS Organization.;;;2026-09-13 17:57:11.149991;Consider periodic recording for some resources to optimize bill;Think about implementing scheduled monitoring for specific resources in order to maximize cost efficiency.;Enable AWS Config;;;Config;Manual;MANUAL;Manual check;manual_check;manual;False;Manual check;AWS-Account-Security-Onboarding;AWS Account Security Onboarding;
aws;Checklist when onboarding new AWS Accounts to existing AWS Organization.;;;2026-09-13 17:57:11.149991;EKS protection (if EKS is used);Enhanced Kubernetes Security (EKS) protection, if the Kubernetes service is employed.;Enable GuardDuty;;;EKS;Optional;MANUAL;Manual check;manual_check;manual;False;Manual check;AWS-Account-Security-Onboarding;AWS Account Security Onboarding;
aws;Checklist when onboarding new AWS Accounts to existing AWS Organization.;;;2026-09-13 17:57:11.149991;Use strictly AWS VPC DNS resolver;Exclusively Employ Amazon Web Services (AWS) Virtual Private Cloud (VPC) DNS Resolver;R53 DNS Resolver Firewall;;;Route53;Manual;MANUAL;Manual check;manual_check;manual;False;Manual check;AWS-Account-Security-Onboarding;AWS Account Security Onboarding;
aws;Checklist when onboarding new AWS Accounts to existing AWS Organization.;;;2026-09-13 17:57:11.149991;Ban outbound DNS calls from all VPCs to ports 53;Prohibit all Virtual Private Clouds (VPCs) from initiating outbound DNS calls on port 53.;R53 DNS Resolver Firewall;;;Route53;Manual;MANUAL;Manual check;manual_check;manual;False;Manual check;AWS-Account-Security-Onboarding;AWS Account Security Onboarding;
aws;Checklist when onboarding new AWS Accounts to existing AWS Organization.;;;2026-09-13 17:57:11.149991;Apply custom threat list for GuardDuty to alert on access to DoH servers;Implement a customized threat list within GuardDuty to generate alerts when there is access to Domain Name System over HTTPS (DoH) servers.;R53 DNS Resolver Firewall;;;Route53;Manual;MANUAL;Manual check;manual_check;manual;False;Manual check;AWS-Account-Security-Onboarding;AWS Account Security Onboarding;
aws;Checklist when onboarding new AWS Accounts to existing AWS Organization.;;;2026-09-13 17:57:11.149991;Export metrics in centralized collector (Shield Advanced);Exporting metrics to a centralized collector for data aggregation and analysis.;Shield Advanced;;;Shield Advanced;Manual;MANUAL;Manual check;manual_check;manual;False;Manual check;AWS-Account-Security-Onboarding;AWS Account Security Onboarding;
aws;Checklist when onboarding new AWS Accounts to existing AWS Organization.;;;2026-09-13 17:57:11.149991;Blanket rate-based rules;Establishing rules based on a standardized, all-encompassing rate.;WAFv2;Deploy WAF setup for each public web service;;WAFv2;Must;MANUAL;Manual check;manual_check;manual;False;Manual check;AWS-Account-Security-Onboarding;AWS Account Security Onboarding;
aws;Checklist when onboarding new AWS Accounts to existing AWS Organization.;;;2026-09-13 17:57:11.149991;Additional managed rules;Supplementary managed rules;WAFv2;Deploy WAF setup for each public web service;;WAFv2;Discuss;MANUAL;Manual check;manual_check;manual;False;Manual check;AWS-Account-Security-Onboarding;AWS Account Security Onboarding;
aws;Checklist when onboarding new AWS Accounts to existing AWS Organization.;;;2026-09-13 17:57:11.149991;Enable Shield Advanced automatic application layer DDoS mitigation;Activate automatic application layer Distributed Denial of Service (DDoS) mitigation within Shield Advanced.;WAFv2;;;Shield Advanced;Manual;MANUAL;Manual check;manual_check;manual;False;Manual check;AWS-Account-Security-Onboarding;AWS Account Security Onboarding;
aws;Checklist when onboarding new AWS Accounts to existing AWS Organization.;;;2026-09-13 17:57:11.149991;Configure R53 health checks for all protected resources;Establishing Amazon Route 53 (R53) health checks to monitor the well-being of all safeguarded resources.;WAFv2;;;Route53;Manual;MANUAL;Manual check;manual_check;manual;False;Manual check;AWS-Account-Security-Onboarding;AWS Account Security Onboarding;
aws;Checklist when onboarding new AWS Accounts to existing AWS Organization.;;;2026-09-13 17:57:11.149991;Configure sensitive fields redaction and send WAF logs to SIEM;Configure the redaction of sensitive fields and transmit Web Application Firewall (WAF) logs to the Security Information and Event Management (SIEM) system.;WAFv2;;;WAFv2;Manual;MANUAL;Manual check;manual_check;manual;False;Manual check;AWS-Account-Security-Onboarding;AWS Account Security Onboarding;
